{
    "version": 1,
    "author": "Châu Thị Trâm",
    "editor": "wokwi",
    "parts": [
      { "type": "wokwi-breadboard-half", "id": "bb1", "top": 285, "left": -131.6, "attrs": {} },
      {
        "type": "board-esp32-devkit-c-v4",
        "id": "esp",
        "top": 9.6,
        "left": 4.84,
        "attrs": { "env": "micropython-20231227-v1.22.0" }
      },
      { "type": "wokwi-relay-module", "id": "relay1", "top": 67.4, "left": 201.6, "attrs": {} },
      {
        "type": "wokwi-led",
        "id": "led2",
        "top": 6,
        "left": 339.8,
        "attrs": { "color": "limegreen" }
      },
      { "type": "wokwi-vcc", "id": "vcc1", "top": -8.84, "left": 326.4, "attrs": {} },
      { "type": "wokwi-gnd", "id": "gnd1", "top": 124.8, "left": 345, "attrs": {} },
      { "type": "wokwi-relay-module", "id": "relay2", "top": -86.2, "left": 201.6, "attrs": {} },
      {
        "type": "wokwi-led",
        "id": "led3",
        "top": -157.2,
        "left": 330.2,
        "attrs": { "color": "cyan" }
      },
      { "type": "wokwi-gnd", "id": "gnd2", "top": -28.8, "left": 412.2, "attrs": {} },
      { "type": "wokwi-vcc", "id": "vcc2", "top": -172.04, "left": 297.6, "attrs": {} },
      {
        "type": "wokwi-led",
        "id": "led4",
        "top": 635.2,
        "left": -101.8,
        "rotate": 180,
        "attrs": { "color": "blue", "flip": "1" }
      },
      {
        "type": "wokwi-resistor",
        "id": "r1",
        "top": 339.95,
        "left": -76.8,
        "attrs": { "value": "1000" }
      },
      {
        "type": "wokwi-pushbutton",
        "id": "btn1",
        "top": 275,
        "left": 268.8,
        "attrs": { "color": "red", "key": "1" }
      },
      { "type": "wokwi-relay-module", "id": "relay3", "top": 259.4, "left": 422.4, "attrs": {} },
      {
        "type": "wokwi-led",
        "id": "led5",
        "top": 226.8,
        "left": 608.6,
        "attrs": { "color": "magenta" }
      },
      { "type": "wokwi-vcc", "id": "vcc3", "top": 240.76, "left": 710.4, "attrs": {} },
      { "type": "wokwi-gnd", "id": "gnd3", "top": 364.8, "left": 575.4, "attrs": {} },
      {
        "type": "wokwi-pushbutton",
        "id": "btn3",
        "top": 639.8,
        "left": -278.4,
        "attrs": { "color": "yellow" }
      },
      {
        "type": "wokwi-pushbutton",
        "id": "btn4",
        "top": -3.4,
        "left": 240,
        "attrs": { "color": "black" }
      },
      {
        "type": "wokwi-pushbutton",
        "id": "btn5",
        "top": -157,
        "left": 153.6,
        "attrs": { "color": "blue", "bounce": "0" }
      }
    ],
    "connections": [
      [ "esp:TX", "$serialMonitor:RX", "", [] ],
      [ "esp:RX", "$serialMonitor:TX", "", [] ],
      [ "relay1:VCC", "bb1:tp.22", "red", [ "h0" ] ],
      [ "relay1:GND", "bb1:tn.23", "black", [ "h0" ] ],
      [ "relay1:IN", "esp:2", "green", [ "h-9.6", "v57.4" ] ],
      [ "bb1:tp.10", "esp:3V3", "red", [ "v0" ] ],
      [ "bb1:tn.21", "esp:GND.2", "black", [ "v0" ] ],
      [ "relay1:COM", "led2:C", "green", [ "h0" ] ],
      [ "led2:A", "vcc1:VCC", "green", [ "v9.6", "h-38.4" ] ],
      [ "relay1:NO", "gnd1:GND", "green", [ "h0" ] ],
      [ "led3:C", "relay2:COM", "green", [ "v0" ] ],
      [ "led3:A", "vcc2:VCC", "green", [ "v9.6", "h-48" ] ],
      [ "relay2:NO", "gnd2:GND", "green", [ "h0" ] ],
      [ "relay2:VCC", "bb1:tp.21", "red", [ "h0" ] ],
      [ "relay2:GND", "bb1:tn.22", "black", [ "h0" ] ],
      [ "relay2:IN", "esp:16", "green", [ "h-48", "v201.4" ] ],
      [ "bb1:tn.5", "led4:C", "black", [ "v9.5", "h-132.8", "v211.2" ] ],
      [ "esp:13", "bb1:10t.a", "green", [ "h0" ] ],
      [ "bb1:4t.c", "led4:A", "red", [ "v0" ] ],
      [ "bb1:tn.25", "btn1:2.l", "black", [ "v0" ] ],
      [ "esp:15", "btn1:1.l", "green", [ "v0", "h57.6", "v86.4", "h124.8" ] ],
      [ "relay3:VCC", "bb1:tp.25", "red", [ "h0", "v-28.8", "h-230.4" ] ],
      [ "relay3:GND", "bb1:tn.24", "black", [ "h-19.2", "v-29.2", "h-240", "v38.4" ] ],
      [ "esp:4", "relay3:IN", "green", [ "h76.8", "v76.8", "h201.6", "v76.8" ] ],
      [ "relay3:NO", "led5:C", "black", [ "h0" ] ],
      [ "led5:A", "vcc3:VCC", "red", [ "v0" ] ],
      [ "relay3:COM", "gnd3:GND", "black", [ "h0" ] ],
      [ "esp:26", "btn3:2.r", "green", [ "h-163.05", "v259.2" ] ],
      [ "bb1:tn.6", "btn3:1.r", "black", [ "v307.1", "h-113.6" ] ],
      [ "btn5:1.l", "bb1:tn.19", "black", [ "h-28.8", "v384", "h-38.4" ] ],
      [ "btn5:2.l", "esp:18", "green", [ "h-19.2", "v9.8" ] ],
      [ "btn4:1.l", "bb1:tn.17", "black", [ "h-67.2", "v240", "h-96" ] ],
      [ "btn4:2.l", "esp:5", "green", [ "h-57.6", "v29" ] ],
      [ "r1:1", "bb1:4t.b", "", [ "$bb" ] ],
      [ "r1:2", "bb1:10t.b", "", [ "$bb" ] ]
    ],
    "dependencies": {}
  }